USE Practico1;

INSERT INTO personas(email, nombre, apellido, fecha_nacimiento) VALUES 
('persona1@gmail.com', 'Alejandro', 'Benítez', '2010-10-01'),
('persona2@gmail.com', 'Martina', 'Castro', '2009-10-01'),
('persona3@gmail.com', 'Daniel', 'Díaz', '2010-12-01'),
('persona4@gmail.com', 'Patricia', 'Pérez', '2004-10-01'),
('persona5@gmail.com', 'Mateo', 'Rodríguez', '2004-12-01'),
('persona6@gmail.com', 'Gimena', 'García', '2000-10-01'),
('persona7@gmail.com', 'Sergio', 'de León', '1998-10-01'),
('persona8@gmail.com', 'Fernanda', 'Muñoz', '1990-10-01'),
('persona9@gmail.com', 'Gonzalo', 'Pereira', '1980-10-01'),
('persona10@gmail.com', 'Mercedes', 'Ferreira', '2005-10-01');

INSERT INTO amigos(email_persona, email_amigo) VALUES
('persona1@gmail.com', 'persona2@gmail.com'),
('persona1@gmail.com', 'persona3@gmail.com'),
('persona2@gmail.com', 'persona4@gmail.com'),
('persona2@gmail.com', 'persona5@gmail.com'),
('persona2@gmail.com', 'persona6@gmail.com'),
('persona3@gmail.com', 'persona1@gmail.com'),
('persona9@gmail.com', 'persona8@gmail.com'),
('persona9@gmail.com', 'persona1@gmail.com'),
('persona8@gmail.com', 'persona6@gmail.com');


INSERT INTO tipo_videojuegos(tipo) VALUES 
('cartas'), 
('shooter'),
('estrategia'), 
('simulacion'), 
('rpg');


INSERT INTO videojuegos(nombre, dificultad, descripcion, costo, tipo) VALUES 
('Project Zomboid', '3', 'Project Zomboid is the ultimate in zombie survival. Alone or in MP: you loot, build, craft, fight, farm and fish in a struggle to survive',  429, 'rpg'), 
('Tower of Fantasy', '2', 'Embark together on your fantasy adventure! Set hundreds of years in the future on the distant planet of Aida, the shared open-world RPG, anime-infused sci-fi adventure', 0, 'rpg'),
('Magic: The Gathering Arena', '3', 'Juego digital de cartas coleccionables desarrollado y publicado por Wizards of the Coast', 0, 'cartas'), 
('Battlefield 2042', '5', 'Battlefield 2042 es un shooter en primera persona que marca el regreso a la emblemática guerra total de la franquicia.', 2600,  'cartas');

INSERT INTO expansiones(nombre, nombre_videojuego, costo) VALUES 
('Battlefield 2042 Ultimate Edition', 'Battlefield 2042', 4800);

INSERT INTO compra (email, nombre_videojuego, nombre_expansion, valor, fecha) VALUES
('persona1@gmail.com', 'Project Zomboid', NULL, 429, '2024-01-15'),
('persona2@gmail.com', 'Tower of Fantasy', NULL, 0, '2024-02-10'),
('persona3@gmail.com', 'Battlefield 2042', 'Battlefield 2042 Ultimate Edition', 7400, '2024-03-22');


INSERT INTO juega (email, nombre_videojuego, fecha) VALUES
('persona1@gmail.com', 'Project Zomboid', '2024-01-20'),
('persona2@gmail.com', 'Tower of Fantasy', '2024-02-15'),
('persona3@gmail.com', 'Battlefield 2042', '2024-03-25');

